job_id,job_title,company,description_text,source,date_collected,track,skills
1,DevOps Engineer,CloudWorks,Manage Linux infrastructure with Docker Kubernetes Terraform Ansible AWS and GitHub Actions.,manual_upload,2026-09-02,DevOps & Cloud Engineering,ansible; aws; docker; github actions; kubernetes; linux; terraform
2,Cloud Platform Engineer,InfraLabs,Build AWS services using EC2 S3 IAM CloudFormation and Python. Monitor systems with Prometheus and Grafana.,manual_upload,2026-09-01,DevOps & Cloud Engineering,aws; cloudformation; ec2; grafana; iam; prometheus; python; s3
3,Site Reliability Engineer,ScaleUp,Operate Kubernetes clusters and Helm releases automate CI/CD with Jenkins and monitor logs with ELK and Logstash.,manual_upload,2026-08-31,DevOps & Cloud Engineering,ci/cd; elk; helm; jenkins; kubernetes; logstash
4,Senior Azure Cloud Engineer gn,Workidentity,Einleitung Du möchtest nicht nur Cloud-Infrastrukturen betreiben sondern die Azure-Landschaft eines international tätigen Unternehmens aktiv weiterentwickeln Du schätzt technische Verantwortung kurze Entscheidungswege und ein Team das Herausforderungen gemeinsam angeht Dann könnte diese Position genau zu dir passen. Für ein wirtschaftlich erfolgreiches Unternehmen mit Sitz in Hamburg suche ich einen erfahrenen Azure Cloud Engineer gn der Verantwortung für die Weiterentwicklung der Azure-Plattform übernimmt und seine Ideen aktiv einbringen möchte. Dich erwartet ein modernes IT-Umfeld mit einer hohen Investitionsbereitschaft in Cloud-Technologien viel Gestaltungsspielraum und einer Unternehmenskultur die von Vertrauen Wertschätzung und Zusammenarbeit geprägt ist. Deine Aufgaben Du verantwortest den Betrieb und die kontinuierliche Weiterentwicklung der konzernweiten Microsoft-Azure-Umgebung IaaS PaaS und SaaS . Du bringst deine Ideen bei der Weiterentwicklung der Cloud-Strategie ein und gestaltest technische Entscheidungen aktiv mit. Du bewertest neue Technologien Architekturen und Migrationsszenarien und entwickelst zukunftsfähige Betriebskonzepte. Du stellst sicher dass Security- Governance- und Compliance-Anforderungen in der Cloud berücksichtigt werden. Du analysierst Performance und Verfügbarkeit der Cloud-Services und optimierst diese kontinuierlich. Du unterstützt deine Kolleginnen und Kollegen bei technischen Fragestellungen und bringst dein Know-how in spannende Infrastrukturprojekte ein. Dein Profil Mehrjährige Erfahrung im Aufbau Betrieb oder der Weiterentwicklung von Microsoft-Azure-Umgebungen Fundierte Kenntnisse moderner Cloud-Infrastrukturen sowie der Azure-Plattform Erfahrung mit Cloud-Architekturen sowie ein gutes Verständnis für Security- Governance- und Infrastrukturthemen Eine selbstständige strukturierte und lösungsorientierte Arbeitsweise Freude daran Wissen zu teilen und gemeinsam im Team nachhaltige Lösungen zu entwickeln Sehr gute Deutsch- und gute Englischkenntnisse Benefits Viel Gestaltungsspielraum und die Möglichkeit technische Entscheidungen aktiv mitzugestalten Ein erfahrenes Team das Wissen teilt sich gegenseitig unterstützt und Herausforderungen gemeinsam meistert Eine wertschätzende Unternehmenskultur mit kurzen Entscheidungswegen Vertrauen und offener Kommunikation Individuelle fachliche und persönliche Weiterentwicklung mit langfristigen Entwicklungsperspektiven Moderne Technologien und abwechslungsreiche Projekte in einem internationalen Unternehmensumfeld Flexible Arbeitszeiten sowie die Möglichkeit an 2 bis 4 Tagen pro Woche remote zu arbeiten 37 5-Stunden-Woche Bis zu 35 Urlaubstage Zuschuss zum Deutschlandticket Bike Leasing Kostenlose Parkplätze Betriebliches Gesundheitsmanagement u.v.m. Find Jobs in Germany on Arbeitnow,arbeitnow_api,2026-09-02,DevOps & Cloud Engineering,azure; security
5,DevOps Engineer Application Management Services m/w/d,European IT Consultancy EITCO GmbH,Wir suchen Du möchtest nicht nur Pipelines betreiben sondern komplette Betriebs- und Deploymentplattformen gestalten Du möchtest Verantwortung für produktive Kundenumgebungen übernehmen und moderne DevOps-Praktiken vom Build bis zum Rollout umsetzen Dann werde Teil unseres Application Management Services Teams. Wir betreiben und entwickeln für unsere eitco Lösungen im Umfeld der gesetzlichen Unfallversicherung moderne DevOps-Plattformen und unterstützen unsere Kunden beim Betrieb führen Rollouts durch und übernehmen den Third-Level-Support. Dabei setzen wir konsequent auf Automatisierung Infrastructure as Code und GitOps. Deine Aufgaben Umsetzung und Optimierung automatisierter Build- Test- und Deployment-Prozesse Entwicklung eigener Puppet-Module und Automatisierungslösungen Durchführung von Rollouts in Kundenumgebungen Unterstützung bei Architektur- und Betriebsfragen unserer Entwicklungsteams Analyse und Behebung komplexer Betriebsstörungen im Third-Level-Support Aufbau und Weiterentwicklung von Monitoring- Logging- und Observability-Lösungen Mitarbeit bei Betrieb und Weiterentwicklung unserer CI/CD-Plattform Betrieb und Weiterentwicklung von Kubernetes-Plattformen Mitarbeit an modernen GitOps- und Cloud-Native-Konzepten Unsere Technologien CI/CD & Software Delivery Jenkins Bitbucket Maven Gradle npm Sonatype Nexus Configuration Management & Automatisierung Puppet / Bolt r10k Terraform Bash PowerShell Ruby Container & Kubernetes Kubernetes Cluster API ArgoCD Docker GitOps Proxmox Monitoring & Observability OpenTelemetry Prometheus Grafana Datenbanken & Middleware PostgreSQL Spring Boot Betriebssysteme Ubuntu Linux Windows Server Warum Du zu EITCO kommen solltest Bei uns betreibst du nicht nur einzelne Systeme. Du arbeitest an einer Plattformlandschaft die vom Quellcode über CI/CD Konfigurationsmanagement und Infrastruktur bis hin zum produktiven Betrieb reicht. Wir automatisieren konsequent entwickeln eigene Puppet-Module betreiben Kubernetes-Plattformen nach GitOps-Prinzipien und führen jedes Jahr zahlreiche Rollouts in produktiven Kundenumgebungen durch. In unserem Umfeld werden DevOps-Ingenieure zu echten Full-Stack-Engineers für den Betrieb moderner Anwendungen. Was erwartet dich bei uns Ein erfahrenes DevOps-Team mit hoher technischer Expertise Eigenverantwortliches Arbeiten statt Ticket-Abarbeitung Moderne Technologien und die Möglichkeit neue Themen aktiv mitzugestalten Direkter Einfluss auf Architektur- Betriebs- und Automatisierungskonzepte Abwechslungsreiche Projekte in unterschiedlichen Kundenumgebungen Flexible Arbeitszeiten und hybrides Arbeiten Individuelle Weiterbildung und Zertifizierungen Kollegiales Umfeld mit kurzen Entscheidungswegen Enger Kontakt zu den Entwicklungsteams und zum Kunden Dein Profil Must-have Erfahrung im Linux-Umfeld Erfahrung mit Automatisierung und Infrastructure as Code Verständnis moderner DevOps-Prinzipien Spaß an nachhaltigen Lösungen und eigenverantwortlichem Arbeiten Tiefere Kenntnisse in mindestens einem der Bereiche Puppet / bolt PostgreSQL Kubernetes / CAPI Linux Administration Deutschkenntnisse auf muttersprachlichem Niveau und gute Englischkenntnisse Nice-to-have Erfahrung im Betrieb geschäftskritischer Anwendungen Erfahrungen mit PostgreSQL Kenntnisse in Observability- und Monitoring-Lösungen Erfahrung mit Shell-Scripting Bash oder PowerShell Kenntnisse in Java / Kotlin oder Spring Boot Erfahrung in regulierten oder sicherheitskritischen Umgebungen Warum wir Deine Chance jetzt und für die Zukunft Flexibles Arbeiten Arbeite vor Ort in einem unserer modernen Büros oder flexibel am mobilen Arbeitsplatz daheim. Teamspirit Erlebe eine Familien- freundliche wertschätzende Arbeitsatmosphäre im Unternehmen und deinem Team. Kontinuierliches Lerne n Wir unterstützen dich gerne durch interne und externe Weiterbildungen. Community of Practice Arbeite in fachbereichübergreifenden Projektgruppen zusammen tauscht Wissen aus und entwickelt kreative Problemlösungen. Immer up - to -date Unser monatlicher OpenFriday mit Beiträgen aller Mitarbeitenden standortübergreifend und gemeinsamen Frühstück hält dich auf dem Laufenden. Work-Life Balance Flexible Arbeitszeiten mit Gleitzeit und 30 Tage Urlaub sind selbstverständlich. Health Betriebliches Gesundheitsmanagement mit Betriebssport Zuschuss zur EGYM Wellpass Mitgliedschaft und JobRad sorgen für Aktivität in deinem Alltag. Lohnende Zusatzleistungen Erhalte zusätzliche Vorteile durch Corporate Benefits Programm Deutschland Ticket Job Mitarbeiter-werben-Mitarbeiter u.v.m. Kein kaltes Wasser Deine Einarbeitung erfolgt mit deinem eigenen Paten. Kontakt Meike Bodemann HR Manager/Management Assistent European IT Consultancy EITCO GmbH Fon +49 228 338 881 150 Standorte Berlin Potsdamer Platz 10 10785 Berlin Bonn Am Bonner Bogen 6 53227 Bonn Essen Nordhofstraße 2 45127 Essen Find Jobs in Germany on Arbeitnow DevOps CI/CD Git Kubernetes Docker Linux Application Management Services AMS 12 Monitoring Automation,arbeitnow_api,2026-09-02,DevOps & Cloud Engineering,bash; ci/cd; docker; git; grafana; jenkins; kubernetes; linux; monitoring; prometheus; puppet; terraform
6,Senior Kubernetes Platform Engineer m/w/d Ref.Nr. 47602,Wavestone Germany AG,Wir suchen einen Senior Platform Engineer für den Aufbau die Weiterentwicklung und den Betrieb einer Kubernetes-basierten Plattform auf Bare-Metal-Infrastruktur für geschäftskritische Anwendungen. Die Rolle verbindet Plattformautomatisierung Cloud-native-Integration Sicherheit Observability und operative Verantwortung in einem technisch anspruchsvollen Umfeld. Key Facts Start 15.10.2026 Dauer Nicht bekannt Auslastung 112 Einsatzart Einsatzort Stuttgart Einsatzland Deutschland Ihre Aufgaben Technische Konkretisierung von Plattformanforderungen und Überführung in umsetzbare Lösungsansätze in Abstimmung mit dem Platform Domain Architect und den beteiligten Fachteams Aufbau und Weiterentwicklung einer weitgehend automatisierten und reproduzierbaren Kubernetes-basierten Plattform auf Bare-Metal-Infrastruktur für geschäftskritische Anwendungen bis zur Betriebsfähigkeit und zum Go-Live Umsetzung wiederverwendbarer Plattformfunktionen für die Bereitstellung Konfiguration und Weiterentwicklung von Kubernetes-Clustern Servern und weiteren Infrastrukturkomponenten Entwicklung Implementierung automatisierter Test und Integration von Kubernetes-Controllern und -Operatoren für Cluster- und Anwendungsbereitstellung Anwendungen ohne eigene GitOps-Mechanismen sowie Server- und Netzwerkkonfiguration Weiterentwicklung der automatisierten Bare-Metal- und Kubernetes-Bereitstellung einschließlich Hardware- und Betriebssystem-Lifecycle Cluster-Provisioning und Anbindung von BMC-Schnittstellen Weiterentwicklung von GitOps- und Infrastructure-as-Code-basierten Automatisierungslösungen einschließlich der erforderlichen Test- und Integrationsverfahren zur Reduzierung manueller Eingriffe Integration externer Systeme und Infrastrukturkomponenten über APIs deklarative Schnittstellen und controllerbasierte Mechanismen Konzeption und Umsetzung von Observability für Plattform und Anwendungen mit Metriken Logs Traces und Alerting sowie clusterinternen und clusterübergreifenden Sichten und bedarfsgerechter Zugriffstrennung Konzeption und Umsetzung automatisierter Backup- Restore- und Recovery-Verfahren für Plattformkomponenten Persistent Volumes und Datenbanken einschließlich externer Sicherungsziele überprüfbarer Wiederherstellungsverfahren und konkreter Ausfallszenarien Konzeption und Umsetzung von Hochverfügbarkeitsmaßnahmen sowie definiertem Systemverhalten bei Ausfällen zur Verbesserung von Stabilität Wiederherstellbarkeit Nachvollziehbarkeit und Sicherheit über Cluster- und Schutzzonengrenzen hinweg Konzeption und technische Umsetzung von Sicherheitsvorgaben durch Admission Control richtlinienbasierte Validierung und Mutation von Ressourcen sowie weitere Hardening- und Threat-Detection-Maßnahmen Planung und Umsetzung technologischer Weiterentwicklungen bestehender Plattformkomponenten zur Realisierung neuer Plattformanforderungen Analyse komplexer Fehlerbilder über mehrere technische Schichten hinweg sowie Durchführung und Begleitung von Wiederanlauf- und Funktionstests Unterstützung des stabilen und sicheren Plattformbetriebs einschließlich Incident- und Störungsbehebung Wiederherstellung des Regelbetriebs operativer Änderungen und Anpassungen operativer Backup- Restore- und Recovery-Vorgänge Go-Live- und Hypercare-Phasen sowie der technischen Nutzbarkeit im laufenden Betrieb Durchführung von Upgrades Releases Patches und sonstigen operativen Lifecycle-Maßnahmen sowie Pflege und Anpassung bestehender Konfigurationen Erstellung und Übergabe technischer und betriebsbegleitender Dokumentation sowie Durchführung von Wissenstransfer und Betriebsunterstützung Muss-Anforderungen Mindestens 6 Jahre einschlägige operative Erfahrung in einer Senior-Platform-Engineering-Rolle für Kubernetes-basierte Plattformen Erfahrung in der Konzeption technischen Umsetzung Integration und wesentlichen Weiterentwicklung von Kubernetes-basierten Plattformen Praktische Erfahrung mit der automatisierten und reproduzierbaren Bereitstellung sowie dem Lifecycle-Management von Bare-Metal-Systemen Servern und Kubernetes-Clustern Erfahrung mit Bare-Metal- und Kubernetes-Automatisierung sowie mit GitOps Infrastructure as Code und deklarativen beziehungsweise controllerbasierten Automatisierungsmechanismen Umfassende praktische Erfahrung in der Entwicklung oder wesentlichen Weiterentwicklung von Kubernetes-Controllern und/oder -Operatoren die produktiv eingesetzt wurden Mindestens 3 Jahre Erfahrung mit Kubernetes Day-2-Operations Lifecycle Management Upgrades sowie der Analyse und Behebung komplexer technischer Störungen Erfahrung mit der Konzeption und technischen Umsetzung von Observability für Plattformen und Anwendungen einschließlich Metriken Logging Tracing Alerting sowie clusterinterner und clusterübergreifender Sichten Erfahrung mit der Konzeption Automatisierung und praktischen Überprüfung von Hochverfügbarkeits- Backup- Restore- und Recovery-Verfahren einschließlich definierter Ausfallszenarien und Wiederherstellungstests Erfahrung mit der Konzeption und technischen Umsetzung von Kubernetes-Security Policy Enforcement Admission Control richtlinienbasierter Validierung und Mutation von Ressourcen sowie weiteren Hardening- und Threat-Detection-Maßnahmen Erfahrung mit der Integration externer Systeme und technischer Schnittstellen über APIs deklarative Schnittstellen und vergleichbare Mechanismen Breite technische Erfahrungsbasis sowie die Fähigkeit komplexe und nicht vollständig spezifizierte Aufgaben eigenständig über mehrere technische Schichten hinweg bis zu einer produktiv nutzbaren Lösung zu bearbeiten und die Ergebnisverantwortung zu übernehmen Erfahrung in der Energiewirtschaft in kritischer Infrastruktur oder in einem vergleichbaren regulierten beziehungsweise sicherheitskritischen Umfeld Deutsch auf Muttersprachenniveau sowie verhandlungssichere Englischkenntnisse in Wort und Schrift Abgeschlossenes Studium im Bereich Informatik Ingenieurwesen oder eine vergleichbare Qualifikation Bereitschaft zur Sicherheitsüberprüfung nach SÜG und zum entsprechenden Pre-Screening Mindestens eine persönliche Referenz im DACH-Raum sowie mindestens eine persönliche Referenz zu Platform Engineering für eine produktive Kubernetes-basierte Infrastruktur Verfügbarkeit ab Oktober beziehungsweise November 2026 Bereitschaft zur Nutzung von Atlassian Confluence und Jira als vorgegebene Kollaborations- und Dokumentationswerkzeuge Kann-Anforderungen Erfahrung in der Entwicklung von Kubernetes-Controllern und/oder -Operatoren mit der Programmiersprache Go Fähigkeit technische Inhalte strukturiert verständlich und überzeugend zu präsentieren Ausgeprägte Ausdrucksfähigkeit sowie die Fähigkeit komplexe technische Sachverhalte klar zu vermitteln Ausgeprägte Fähigkeit zur Zusammenarbeit und konstruktiven Interaktion in technischen Teams Weitere Informationen Die Rolle ist zu ca. 90 remote Präsenztage finden im Raum Stuttgart statt. Let s power the future together Vom Business Case bis hin zur Umsetzung Als führendes Beratungsunternehmen für strategische Transformationen sind wir vertrauenswürdiger Partner für unsere Kunden - und für unsere Mitarbeitenden. Verantwortungsvoll leistungsstark und immer mit dem Menschen im Fokus. #WeAreWavestone Mit unserem 360 -Portfolio an Beratungsleistungen verbinden wir erstklassige Branchenexpertise mit einem breiten Spektrum an branchenübergreifenden Kompetenzen arbeiten interdisziplinär und denken über den Tellerrand hinaus. Unseren Partnerunternehmen und Freelancern Freelancerinnen können wir so umfassende Perspektiven innerhalb unserer eigenen Projekte bieten und unterstützen als langjähriger Rahmenvertragspartner bei der Besetzung von Projektvakanzen zeitnah und direkt. Wir freuen uns auf Ihre Kontaktaufnahme Ihr direkter Ansprechpartner bei Wavestone Emira Bucan Telefon - E-Mail Find Jobs in Germany on Arbeitnow IT,arbeitnow_api,2026-09-02,DevOps & Cloud Engineering,kubernetes; security
7,Software Engineer Platform - Munich Germany,Speechify,The mission of Speechify is to make sure that reading is never a barrier to learning. Over 50 million people use Speechify s text-to-speech products to turn whatever they re reading PDFs books Google Docs news articles websites into audio so they can read faster read more and remember more. Speechify s text-to-speech reading products include its iOS app Android App Mac App Chrome Extension and Web App. Google recently named Speechify the Chrome Extension of the Year and Apple named Speechify its 2025 Design Award winner for Inclusivity. Today nearly 200 people around the globe work on Speechify in a 100 distributed setting Speechify has no office. These include frontend and backend engineers AI research scientists and others from Amazon Microsoft and Google leading PhD programs like Stanford high growth startups like Stripe Vercel Bolt and many founders of their own companies. Overview The responsibilities of our Platform team include building and maintaining all backend services including but not limited to payments analytics subscriptions new products text to speech and external APIs. This is a key role and ideal for someone who thinks strategically enjoys fast-paced environments is passionate about making product decisions and has experience building great user experiences that delight users. We are a flat organization that allows anyone to become a leader by showing excellent technical skills and delivering results consistently and fast. Work ethic solid communication skills and obsession with winning are paramount. Our interview process involves several technical interviews and we aim to complete them within 1 week. What Yo u ll Do Design develop and maintain robust APIs including public TTS API internal APIs like Payment Subscription Auth and Consumption Tracking ensuring they meet business and scalability requirements Oversee the full backend API landscape enhancing and optimizing for performance and maintainability Collaborate on B2B solutions focusing on customization and integration needs for enterprise clients Work closely with cross-functional teams to align backend architecture with overall product strategy and user experience An Ideal Candidate Should Have Proven experience in backend development TS/Node required Direct experience with GCP and knowledge of AWS Azure or other cloud providers Efficiency in ideation and implementation prioritizing tasks based on urgency and impact Preferred Experience with Docker and containerized deployments Preferred Proficiency in deploying high availability applications on Kubernetes What We Offer A dynamic environment where your contributions shape the company and its products A team that values innovation intuition and drive Autonomy fostering focus and creativity The opportunity to have a significant impact in a revolutionary industry Competitive compensation a welcoming atmosphere and a commitment to an exceptional asynchronous work culture The privilege of working on a product that changes lives particularly for those with learning differences like dyslexia ADD and more An active role at the intersection of artificial intelligence and audio a rapidly evolving tech domain The Germany Based Salary range for this role is 30 000-120 000 USD/Year + Bonus + Stock depending on experience. Think you re a good fit for this job Tell us more about yourself and why you re interested in the role when you apply. And don t forget to include links to your portfolio and LinkedIn. Not looking but know someone who would make a great fit Refer them Speechify is committed to a diverse and inclusive workplace. Speechify does not discriminate on the basis of race national origin gender gender identity sexual orientation protected veteran status disability age or other legally protected status. Find Jobs in Germany on Arbeitnow,arbeitnow_api,2026-09-02,DevOps & Cloud Engineering,aws; azure; docker; gcp; kubernetes
8,Software Engineer Data Infrastructure & Acquisition - Frankfurt Germany,Speechify,The mission of Speechify is to make sure that reading is never a barrier to learning. Over 50 million people use Speechify s text-to-speech products to turn whatever they re reading PDFs books Google Docs news articles websites into audio so they can read faster read more and remember more. Speechify s text-to-speech reading products include its iOS app Android App Mac App Chrome Extension and Web App. Google recently named Speechify the Chrome Extension of the Year and Apple named Speechify its 2025 Design Award winner for Inclusivity. Today nearly 200 people around the globe work on Speechify in a 100 distributed setting Speechify has no office. These include frontend and backend engineers AI research scientists and others from Amazon Microsoft and Google leading PhD programs like Stanford high growth startups like Stripe Vercel Bolt and many founders of their own companies. Overview We re looking to hire for our Data side of our AI team at Speechify. This role is responsible for all aspects of data collection to support our model training operations. We are able to build high-quality datasets at petabyte-scale and low cost through a tight integration of infrastructure engineering and research work. We are looking for a skilled Software Engineer to join us. What You ll Do Be scrappy to find new sources of audio data and bring it into our ingestion pipeline Operate and extend the cloud infrastructure for our ingestion pipeline currently running on GCP and managed with Terraform. Collaborate closely with our Scientists to shift the cost/throughput/quality frontier delivering richer data at bigger scale and lower cost to power our next-generation models. Collaborate with others on the AI Team and Speechify Leadership to craft the AI Team s dataset roadmap to power Speechify s next-generation consumer and enterprise products. An Ideal Candidate Should Have BS/MS/PhD in Computer Science or a related field. 5+ years of industry experience in software development. Proficiency with bash/Python scripting in Linux environments Proficiency in Docker and Infrastructure-as-Code concepts and professional experience with at least one major Cloud Provider we use GCP Experience with web crawlers large-scale data processing workflows is a plus Ability to handle multiple tasks and adapt to changing priorities. Strong communication skills both written and verbal. What we offer A fast-growing environment where you can help shape the company and product. An entrepreneurial-minded team that supports risk intuition and hustle. A hands-off management approach so you can focus and do your best work. An opportunity to make a big impact in a transformative industry. Competitive salaries a friendly and laid-back atmosphere and a commitment to building a great asynchronous culture. Opportunity to work on a life-changing product that millions of people use. Build products that directly impact and support people with learning differences like dyslexia ADD low vision concussions autism and more. Work in one of the fastest-growing sectors of tech the intersection of artificial intelligence and audio. The Germany Based Salary range for this role is 30 000-120 000 USD/Year + Bonus + Stock depending on experience. Think you re a good fit for this job Tell us more about yourself and why you re interested in the role when you apply. And don t forget to include links to your portfolio and LinkedIn. Not looking but know someone who would make a great fit Refer them Speechify is committed to a diverse and inclusive workplace. Speechify does not discriminate on the basis of race national origin gender gender identity sexual orientation protected veteran status disability age or other legally protected status. Find more English Speaking Jobs in Germany on Arbeitnow,arbeitnow_api,2026-09-02,DevOps & Cloud Engineering,bash; docker; gcp; linux; python; terraform
9,Software Engineer Data Infrastructure & Acquisition - Berlin Germany,Speechify,The mission of Speechify is to make sure that reading is never a barrier to learning. Over 50 million people use Speechify s text-to-speech products to turn whatever they re reading PDFs books Google Docs news articles websites into audio so they can read faster read more and remember more. Speechify s text-to-speech reading products include its iOS app Android App Mac App Chrome Extension and Web App. Google recently named Speechify the Chrome Extension of the Year and Apple named Speechify its 2025 Design Award winner for Inclusivity. Today nearly 200 people around the globe work on Speechify in a 100 distributed setting Speechify has no office. These include frontend and backend engineers AI research scientists and others from Amazon Microsoft and Google leading PhD programs like Stanford high growth startups like Stripe Vercel Bolt and many founders of their own companies. Overview We re looking to hire for our Data side of our AI team at Speechify. This role is responsible for all aspects of data collection to support our model training operations. We are able to build high-quality datasets at petabyte-scale and low cost through a tight integration of infrastructure engineering and research work. We are looking for a skilled Software Engineer to join us. What You ll Do Be scrappy to find new sources of audio data and bring it into our ingestion pipeline Operate and extend the cloud infrastructure for our ingestion pipeline currently running on GCP and managed with Terraform. Collaborate closely with our Scientists to shift the cost/throughput/quality frontier delivering richer data at bigger scale and lower cost to power our next-generation models. Collaborate with others on the AI Team and Speechify Leadership to craft the AI Team s dataset roadmap to power Speechify s next-generation consumer and enterprise products. An Ideal Candidate Should Have BS/MS/PhD in Computer Science or a related field. 5+ years of industry experience in software development. Proficiency with bash/Python scripting in Linux environments Proficiency in Docker and Infrastructure-as-Code concepts and professional experience with at least one major Cloud Provider we use GCP Experience with web crawlers large-scale data processing workflows is a plus Ability to handle multiple tasks and adapt to changing priorities. Strong communication skills both written and verbal. What we offer A fast-growing environment where you can help shape the company and product. An entrepreneurial-minded team that supports risk intuition and hustle. A hands-off management approach so you can focus and do your best work. An opportunity to make a big impact in a transformative industry. Competitive salaries a friendly and laid-back atmosphere and a commitment to building a great asynchronous culture. Opportunity to work on a life-changing product that millions of people use. Build products that directly impact and support people with learning differences like dyslexia ADD low vision concussions autism and more. Work in one of the fastest-growing sectors of tech the intersection of artificial intelligence and audio. The Germany Based Salary range for this role is 30 000-120 000 USD/Year + Bonus + Stock depending on experience. Think you re a good fit for this job Tell us more about yourself and why you re interested in the role when you apply. And don t forget to include links to your portfolio and LinkedIn. Not looking but know someone who would make a great fit Refer them Speechify is committed to a diverse and inclusive workplace. Speechify does not discriminate on the basis of race national origin gender gender identity sexual orientation protected veteran status disability age or other legally protected status. Find more English Speaking Jobs in Germany on Arbeitnow,arbeitnow_api,2026-09-02,DevOps & Cloud Engineering,bash; docker; gcp; linux; python; terraform
10,Software Engineer Platform - Cologne Germany,Speechify,The mission of Speechify is to make sure that reading is never a barrier to learning. Over 50 million people use Speechify s text-to-speech products to turn whatever they re reading PDFs books Google Docs news articles websites into audio so they can read faster read more and remember more. Speechify s text-to-speech reading products include its iOS app Android App Mac App Chrome Extension and Web App. Google recently named Speechify the Chrome Extension of the Year and Apple named Speechify its 2025 Design Award winner for Inclusivity. Today nearly 200 people around the globe work on Speechify in a 100 distributed setting Speechify has no office. These include frontend and backend engineers AI research scientists and others from Amazon Microsoft and Google leading PhD programs like Stanford high growth startups like Stripe Vercel Bolt and many founders of their own companies. Overview The responsibilities of our Platform team include building and maintaining all backend services including but not limited to payments analytics subscriptions new products text to speech and external APIs. This is a key role and ideal for someone who thinks strategically enjoys fast-paced environments is passionate about making product decisions and has experience building great user experiences that delight users. We are a flat organization that allows anyone to become a leader by showing excellent technical skills and delivering results consistently and fast. Work ethic solid communication skills and obsession with winning are paramount. Our interview process involves several technical interviews and we aim to complete them within 1 week. What Yo u ll Do Design develop and maintain robust APIs including public TTS API internal APIs like Payment Subscription Auth and Consumption Tracking ensuring they meet business and scalability requirements Oversee the full backend API landscape enhancing and optimizing for performance and maintainability Collaborate on B2B solutions focusing on customization and integration needs for enterprise clients Work closely with cross-functional teams to align backend architecture with overall product strategy and user experience An Ideal Candidate Should Have Proven experience in backend development TS/Node required Direct experience with GCP and knowledge of AWS Azure or other cloud providers Efficiency in ideation and implementation prioritizing tasks based on urgency and impact Preferred Experience with Docker and containerized deployments Preferred Proficiency in deploying high availability applications on Kubernetes What We Offer A dynamic environment where your contributions shape the company and its products A team that values innovation intuition and drive Autonomy fostering focus and creativity The opportunity to have a significant impact in a revolutionary industry Competitive compensation a welcoming atmosphere and a commitment to an exceptional asynchronous work culture The privilege of working on a product that changes lives particularly for those with learning differences like dyslexia ADD and more An active role at the intersection of artificial intelligence and audio a rapidly evolving tech domain The Germany Based Salary range for this role is 30 000-120 000 USD/Year + Bonus + Stock depending on experience. Think you re a good fit for this job Tell us more about yourself and why you re interested in the role when you apply. And don t forget to include links to your portfolio and LinkedIn. Not looking but know someone who would make a great fit Refer them Speechify is committed to a diverse and inclusive workplace. Speechify does not discriminate on the basis of race national origin gender gender identity sexual orientation protected veteran status disability age or other legally protected status. Find Jobs in Germany on Arbeitnow,arbeitnow_api,2026-09-02,DevOps & Cloud Engineering,aws; azure; docker; gcp; kubernetes
11,Freelance IoT Software Engineer all genders,gropyus,About The Company GROPYUS is a technology-based construction company focused on building multi-story residential buildings. Thanks to its prefabricated building system with various design options industrial offsite construction and fully digitalized processes the company manufactures aspirational sustainable and affordable homes using timber construction methods. GROPYUS is using scalable construction and manufacturing solutions to tap into a future market boost Europe s strength in innovation while also playing a substantial role in improving sustainability. About the role We are looking for a Senior Software Engineer freelancer to support GROPYUS on a 10-month project focused on our Smart Living and Smart Building technology stack. Improve zero-touch provisioning Kotlin Spring Boot Linux BLE / Bluetooth Mesh Enhance monitoring capabilities BLE / Bluetooth Mesh Grafana Prometheus OTel Collector Spring Boot Build a Proof of Concept for the new BOS Architecture based on the defined functional requirements The project is open to freelancers based anywhere in the EU with an expected availability of 30 40 hours per week. What you will be doing Build and configure Linux-based IoT and edge systems for smart homes and smart buildings Develop device-to-cloud communication pipelines for telemetry control and automation Work on edge computing components running on embedded Linux systems Implement and support device lifecycle management provisioning configuration monitoring and OTA updates Build internal tools and automation for IoT fleet operations and diagnostics Ensure system reliability security and observability across edge and cloud layers Collaborate closely with Product Hardware Platform and Software teams About you Strong experience with Linux-based systems in production environments Knowledge of IoT connectivity technologies BLE LoRaWAN WMBus Hands-on experience with IoT protocols such as MQTT Hands-on experience with embedded systems or edge computing Solid understanding of distributed and event-driven architectures Proficiency in Kotlin Experience with containers cloud platforms and infrastructure components e.g. PostgreSQL Redis message brokers K8s clusters Experience with telemetry streaming data and time series data A collaborative mindset and willingness to take ownership Nice to have Experience with embedded Linux OTA systems or secure device identity Knowledge of observability and monitoring across edge and cloud systems Join us on our mission to design buildings as continuously evolving products to create the most exciting and affordable experience for all. We build for people and conserve the resources of our planet. We can t wait to get to know you. For more information visit our website . Find Jobs in Germany on Arbeitnow Product Operations,arbeitnow_api,2026-09-02,DevOps & Cloud Engineering,grafana; linux; monitoring; prometheus; security
12,Software Engineer Release Engineering,mozilla,Why Mozilla Mozilla Corporation is the non-profit-backed technology company that has shaped the internet for the better over the last 25 years. We make pioneering brands like Firefox the privacy-minded web browser. Now with more than 225 million people around the world using our products each month we re shaping the next 25 years of technology and helping to reclaim an internet built for people not companies. Our work focuses on diverse areas including AI social media security and more. And we re doing this while never losing our focus on our core mission to make the internet better for people. The Mozilla Corporation is wholly owned by the non-profit 501 c Mozilla Foundation. This means we aren t beholden to any shareholders only to our mission. Along with thousands of volunteer contributors and collaborators all over the world Mozillians design build and distribute open-source software that enables people to enjoy the internet on their terms. About this team and role At Mozilla our Release Engineering team RelEng plays a crucial role in ensuring the seamless and reliable delivery of our world-class software products. As a key part of our engineering infrastructure RelEng is responsible for the continuous deployment of our products ensuring they reach our users efficiently and without interruption. For instance we can reliably ship a security fix to 200M users across different platforms and 100 locales in under 24 hours. RelEng has an expertise in configuring and optimizing our build and deployment pipeline. In order to provide a faster and more reliable experience for Firefox developers RelEng is looking for an engineer who can help optimize and maintain the pipeline. If you are passionate about release automation the Release Engineering team at Mozilla is the place for you. Join us and be a part of a team that is making a significant impact on the web and beyond. What you ll do Write software that scales - tens of thousands of tasks are run to build test and release Firefox every single day Collaborate with senior+ engineers to improve the developers experience then implement the improvements. Work with a geographically-distributed development team between North America and Europe Collaborate with others by requesting and providing code reviews Respond to critical service outages during normal working hours - no on call rotation is required What you ll bring You have a Bachelor s degree in computer science or related programs or equivalent work experience You have a minimum of 2 years of experience working in an object-oriented programming OOP language preferably Python You are passionate about CI/CD pipelines You have some previous experience on using cloud resources e.g. on AWS GCP or Azure You feel comfortable developing in Windows macOS and Linux environments experience with shell scripting You have worked on a team distributed across time zones You enjoy getting familiar and improving existing code bases and tools Commitment to our values Welcoming differences Being relationship-minded Practicing responsible participation Having grit What you ll get Generous performance-based bonus plans to all eligible employees - we share in our success as one team Rich medical dental and vision coverage Generous retirement contributions with 100 immediate vesting regardless of whether you contribute Quarterly all-company wellness days where everyone takes a pause together Country specific holidays plus a day off for your birthday One-time home office stipend Annual professional development budget Quarterly well-being stipend Considerable paid parental leave Employee referral bonus program Other benefits life/AD&D disability EAP etc. - varies by country About Mozilla Mozilla exists to build the Internet as a public resource accessible to all because we believe that open and free is better than closed and controlled. When you work at Mozilla you give yourself a chance to make a difference in the lives of Web users everywhere. And you give us a chance to make a difference in your life every single day. Join us to work on the Web as the platform and help create more opportunity and innovation for everyone online. Commitment to diversity equity inclusion and belonging Mozilla understands that valuing diverse creative practices and forms of knowledge are crucial to and enrich the company s core mission. We encourage applications from everyone including members of all equity-seeking communities such as but certainly not limited to women racialized and Indigenous persons persons with disabilities persons of all sexual orientation s gender identities and expressions. We will ensure that qualified individuals with disabilities are provided reasonable accommodations to participate in the job application or interview process to perform essential job functions and to receive other benefits and privileges of employment as appropriate. Please contact us at We are an equal opportunity employer. We do not discriminate on the basis of race including hairstyle and texture religion including religious grooming and dress practices gender gender identity gender expression color national origin pregnancy ancestry domestic partner status disability sexual orientation age genetic predisposition medical condition marital status citizenship status military or veteran status or any other basis covered by applicable laws. Mozilla will not tolerate discrimination or harassment based on any of these characteristics or any other unlawful behavior conduct or purpose. Group E #LI-REMOTE Req ID R3182 Hiring Ranges Remote UK 52 000 69 000 GBP Find Jobs in United Kingdom on Arbeitnow Firefox,arbeitnow_api,2026-09-02,DevOps & Cloud Engineering,aws; azure; ci/cd; gcp; linux; python; security; shell scripting
13,Infrastructure Engineer,Emplyfy,Join an established technology organisation providing managed IT services to some of the market s most recognised companies. Our client is looking for an experienced Infrastructure Engineer to support customer environments across a varied and hands-on technical role. The successful candidate will combine remote support with regular customer-site activity working across infrastructure Microsoft technologies hardware software and security. Your Responsibilities Provide technical assistance to customers and act as a reliable point of contact. Attend customer locations to diagnose faults carry out repairs and complete scheduled maintenance. Manage support incidents and requests through the company s ticketing system. Provide customers with timely updates and ensure agreed service levels are maintained. Escalate critical technical problems to Management when appropriate. Review workload and priorities each day and take ownership of required actions. Monitor customer infrastructure and system environments to ensure they remain operational and meet business requirements. Deploy test maintain and troubleshoot hardware and software. Accurately document technical work and maintain up-to-date service tickets. Take ownership of urgent incidents whether handled remotely or at a customer site. Benefits 30 000 - 40 000 per annum depending on experience. 40 days paid holiday annually. You will need at least 5 years experience in a relevant IT role with a strong technical background covering Cyber Essentials and GDPR security implementation mandatory . Microsoft 365 and its core services including Email SharePoint Teams and OneDrive mandatory . Intune RMM platforms and telephone/communications systems. Network infrastructure and connectivity including routers switches APs DHCP DNS TCP/IP VLANs and firewalls. Working collaboratively with external suppliers and technical service providers. IT processes procedures and industry best practices. Windows Server 2016 2019 and 2022 including Group Policy and security configuration. Azure administration and system implementations. Windows 10 Windows 11 and Mac. Client builds imaging and deployment. Excellent written and verbal communication with a strong customer-service mindset. Strong analytical and troubleshooting skills and the ability to work independently. Find more English Speaking Jobs in United Kingdom on Arbeitnow Infrastructure,arbeitnow_api,2026-09-02,DevOps & Cloud Engineering,azure; security
14,IT Support & Infrastructure Engineer,Emplyfy,Are you an experienced IT professional looking for a hands-on role within an international technology organisation Our client is an established Managed Service Provider delivering IT support and infrastructure services to a range of well-known businesses. They are looking for a proactive and technically capable engineer who is comfortable working directly with customers resolving technical issues and supporting IT environments both remotely and on customer premises. Key Responsibilities Provide technical assistance to customers and act as a trusted point of contact for support matters. Visit customer sites to investigate and resolve technical issues perform installations and undertake planned maintenance. Manage incidents requests and ongoing technical tasks through the Service Desk system. Provide customers with regular updates and ensure tickets are progressed within agreed SLAs. Escalate critical complex or high-priority issues to Management when appropriate. Organise daily workloads and ensure urgent and important tasks are dealt with accordingly. Monitor customer environments and infrastructure to ensure systems remain reliable and meet business requirements. Install configure test maintain and repair IT hardware software and related systems. Maintain accurate ticket information and document technical work and outstanding actions. Respond to major incidents and priority issues both remotely and at customer locations. Benefits 30 000 - 40 000 per annum depending on experience. 40 days paid holiday annually. The ideal candidate will have a minimum of 5 years experience in a similar IT engineering role with practical knowledge of Cyber Essentials and GDPR security standards including configuration and implementation mandatory . Microsoft 365 services including Email SharePoint Teams and OneDrive mandatory . Microsoft Intune RMM solutions and telephone platforms. Network infrastructure installation and support including routers switches wireless APs DHCP DNS TCP/IP firewalls and VLANs. Working with external suppliers and service providers to resolve technical requirements. Applying appropriate IT procedures controls and industry best practices. Windows Server 2016 2019 and 2022 including Group Policy and security policies. Azure administration and implementation. Windows 10 Windows 11 and Mac operating systems. Building imaging and configuring different customer environments. Strong written and verbal communication skills and a professional customer-facing manner. The ability to analyse issues troubleshoot effectively and work independently. A collaborative approach and the ability to contribute as part of a wider team. Find Jobs in United Kingdom on Arbeitnow Infrastructure,arbeitnow_api,2026-09-02,DevOps & Cloud Engineering,azure; security
15,Senior Data Engineer,Octopus Energy Group,We re making energy fair clean and simple for all using technology. Octopus Energy started with a bold idea to build Britain s first truly digital energy supplier. By combining world-class tech with brilliant humans who care deeply about customers and driving the renewable energy transition we made it happen and in 2025 we became Britain s largest energy supplier. Octopus Energy Group is a global energy transition collective. 10 businesses working across 4 continents to tackle energy transformation at nearly every front. And we constantly push to make energy better. Tirelessly campaigning for fair protections for customers. And building innovative technologies that forge a path to a green energy system. We re made up of 10 000+ authentic committed people working around the world on stuff you d never expect. We re united by a shared goal to drive the global green energy revolution. Read our Spotlight series to meet some of the team. To deliver on this mission we are looking for a Senior Data Engineer to join the Flexibility team. The Flexibility team was established in early 2026 and has been growing throughout the year. The team is focused on greenfield opportunities at the cutting edge of Octopus flexibility strategy and aims to enable rapid response to global flex opportunities. They are building the next generation of products and tools to make energy more flexible. These include our flagship Intelligent Octopus product automating demand shift for 300 000 customers with electric cars home batteries or smart heating devices saving 2 million customers money through Saving Sessions and Free Electricity Sessions and managing 568MW of large grid-scale batteries to balance the system. The team develops products that are used by millions of customers helping boost renewables use and decarbonise energy systems worldwide. We embrace flat hierarchies and an open agile culture that fosters innovation flexibility and creativity. We don t hang our personalities up with our coats and nor should you. At Octopus we hire great people who get stuff done all whilst being themselves. If this sounds exciting we d love to chat. What you ll do Acting as the flexibility team s first full-time data engineer establish the team s data capability lead the team s data engineering technical direction and represent the team to the cross-team data community Upskill data-literate backend engineers act as the team s data expert and as a multiplier on other engineers impact Establish greenfield data engineering systems in a newly established AWS environment Provide a foundational layer of high quality data processing and warehousing that will enable future projects for both our team and others Maintain and develop critical data applications - scoping and implementing architectural improvements for long-term global scalability robustness and operational efficiency Interface with the established data warehouse built on Databricks Take ownership of data platform improvements that enhance the capabilities for all teams and drive trust in the stability of the system What you ll have Strong aptitude with SQL Python and AWS data stack essential Experience building efficient scalable databases and APIs e.g. Django FastAPI a huge plus Experience in Kubernetes Docker Spark and related monitoring tools e.g. DataDog Grafana Prometheus for DataOps a huge plus Experience with Airflow a huge plus Experience with dbt for pipeline modelling also beneficial Skilled at shaping needs into a solid set of requirements and designing scalable solutions to meet them Able to quickly understand new domain areas and visualise data effectively Team player excited at the idea of ownership across lots of different projects and tools Drives knowledge sharing and documentation for a more effective platform Desirable energy domain knowledge Our core data stack Python as our main programming language Databricks Spark for data processing Databricks/dbt/SQL for data modelling and analytics Streamlit for data applications and visualisations Airflow for job scheduling and tracking CircleCI for continuous deployment Parquet and Delta file formats on S3 for data lake storage Terraform for our infrastructure definition Kubernetes for data services and task orchestration Datadog/Grafana/Prometheus for platform monitoring Django for custom databases and frameworks Postgres / Aurora for our relational databases Notion for documentation We have a preference for candidates who can work hybrid from our London office but we re open to fully remote candidates you do need to be based in the UK . Why else you ll love it here Wondering what the salary for this role is Just ask us On a call with one of our recruiters it s something we always cover as we genuinely want to match your experience with the correct salary. The reason why we don t advertise is because we honestly have a degree of flexibility and would never want salary to be a reason why someone doesn t apply to Octopus - what s more important to us is finding the right octofit Octopus Energy Group is a unique culture . An organisation where people learn decide and build quicker. Where people work with autonomy alongside a wide range of amazing co-owners on projects that break new ground. We want your hard work to be rewarded with perks you actually care about We were recently named the UK s top company to work for and we ranked in the top ten in the Sunday Times Best Places to Work 2024 . Our Group CEO Greg has recorded a podcast about our culture and how we empower our people. We ve also been placed in the top 10 companies for senior leadership Visit our UK perks hub - Octopus Employee Benefits If this sounds like you then we d love to hear from you tell us what you care about why Octopus feels right and most importantly bring us the real you Applying for jobs can be a bit scary so have a nose through some of our tips first P.S. Our process usually takes up to 4 weeks but we ll always do our best to flex around what works for you. Along the way you ll chat with our recruitment team and your Recruiter will help you throughout different stages. Got any burning questions before then Drop us a message at ----- and we d love to help Are you ready for a career with us We want to ensure you have all the tools and environment you need to unleash your potential. Need any specific accommodations Whether you require specific accommodations or have a unique preference let us know and we ll do what we can to customise your interview process for comfort and maximum magic Studies have shown that some groups of people like women are less likely to apply to a role unless they meet 100 of the job requirements. Whoever you are if you like one of our jobs we encourage you to apply as you might just be the candidate we hire. Across Octopus we re looking for genuinely decent people who are honest and empathetic. Our people are our strongest asset and the unique skills and perspectives people bring to the team are the driving force of our success. As an equal opportunity employer we do not discriminate on the basis of any protected attribute. Our commitment is to provide equal opportunities an inclusive work environment and fairness for everyone. Find more English Speaking Jobs in United Kingdom on Arbeitnow Data,arbeitnow_api,2026-09-02,DevOps & Cloud Engineering,aws; docker; grafana; kubernetes; monitoring; prometheus; python; s3; terraform
16,Senior DevOps Engineer,Localstack,LocalStack - the Local Cloud Sandbox for Developers and AI Agents We are a fast-growing Series A startup building cutting-edge technology to revolutionize cloud development processes and support highly efficient dev&test feedback loops. We ve closed our last 25mil round in Q4 2024 led by Notable Capital CRV and Heavybit . LocalStack is a local cloud development platform. LocalStack makes it easier faster and less expensive for software teams to ship reliable high-quality applications to the cloud. The cloud was built to run software not to support AI-native development workflows. As the world s leading local cloud development platform LocalStack provides secure local sandboxes that simulate cloud environments enabling AI agents and software developers to find and fix risks faster and more effectively than they can in the cloud. Our customer base ranges from SMBs to Global Fortune 500 companies. Our clients include companies like NASA Harness IBM Workday Comcast Apple 3M Block and many more. We are sustainably growing our globally distributed teams across GTM operations and engineering. In 2025 we almost doubled in size and continue to grow across all areas in 2026. LocalStack is headquartered in Zurich/Switzerland with a small engineering office in Vienna/Austria and remote team members from 25 countries including the US FR UK CA ES and many more Check our Notion Candidate Handbook and our GitHub What you will be working on/responsible for Own the internal cloud infrastructure and serve as the primary point of contact for cloud operations and infrastructure requests. Manage and continuously improve our multi-account cloud environment ensuring security governance and compliance best practices are consistently applied. Support and maintain compliance with SOC 2 Type II and ISO 27001 ensuring audit evidence is prepared continuously rather than only during audit periods. Operate and improve our identity and access management including SSO MFA permissions and joiner/mover/leaver processes. Maintain and monitor self-hosted internal services ensuring they meet agreed service levels and that vulnerabilities are tracked and resolved efficiently. Monitor the security and health of our cloud environment through continuous posture management and proactive risk identification. Own infrastructure cost management for the services under your responsibility and help other teams proactively identify cost or reliability risks before they become issues. Collaborate with engineering teams to improve the reliability scalability and operational excellence of our cloud platform. Experience we expect you to bring to the role Deep AWS experience at org level Organizations Control Tower multi-account landing zones IAM/SCPs Security Hub/GuardDuty VPC and multi-AZ networking IaC as the only way infrastructure gets created - module design state management review and promotion between environments. Tool-agnostic but real depth in at least one Terraform/OpenTofu CDK Pulumi Understands how to evolve existing systems toward compliance - can look at a running estate and work out what has to change in what order to satisfy SOC 2 / ISO 27001. Having been through an audit or certification is a bonus not a requirement Internal workforce identity and access IdP-backed SSO/MFA centralised access management automated joiner/mover/leaver Self-hosting and operating shared internal tooling that other teams depend on - deploy upgrade back up own the uptime Observability and alerting design plus on-call for a distributed team Cloud cost management / FinOps fundamentals Azure is a nice-to-have extension not a requirement - AWS depth is what matters but the estate is going multi-cloud so appetite for it counts Bash Python and/or Go for tooling. Comfortable with ambiguity in a remote-first environment and happy being the first hire in a function Values we hold in LocalStack Care we create with compassion. We prioritize empathy and understanding in every interaction. By genuinely caring for our team customers and community we create an environment where people thrive and impactful work flourishes Ownership we own the outcome. We take responsibility for our work and are passionate about its impact. We foster autonomy inspire ambition encourage ownership and empower everyone to unlock their potential and make an impact. Openness we build trust together. We build trust through open communication and honest feedback. By sharing ideas and embracing diverse perspectives we create stronger more connected teams that work toward shared goals. Courage we dare to innovate. We embrace bold challenges and take calculated risks to move the needle. We step outside our comfort zones experiment fearlessly and turn setbacks into springboards for growth. Excellence we chase the extraordinary. We chase excellence by pushing boundaries and delivering results that go beyond the ordinary constantly raising the bar and striving for greatness in everything we do. Excellence is not just the outcome itʼs how we approach every task with purpose passion and a commitment to delivering exceptional value. Sounds like a good match We d love to hear from you Join us in shaping the future of cloud development at LocalStack. To apply follow the application process. Make sure to include a short motivation outlining why you are the perfect candidate for this role. If your profile looks like a good match our talent team will be in touch to organize further steps within 2 weeks. Please note that due to a high volume of candidates we cannot offer personalized feedback to each candidate. Compensation 70K 90K Multiple Ranges United Kingdom 70K 90K Portugal 42K 56K Poland PLN 202K PLN 330K Spain 50K 78K Find more English Speaking Jobs in United Kingdom on Arbeitnow Platform & Data,arbeitnow_api,2026-09-02,DevOps & Cloud Engineering,aws; azure; bash; iam; networking; python; security; terraform
17,Database Platform Manager,Thgingenuity,About THG Ingenuity THG Ingenuity is a fully integrated digital commerce ecosystem designed to power brands without limits. Our global end-to-end tech platform is comprised of three products THG Commerce THG Studios THG Fulfilment. Each represents a single unified solution overcoming challenges and taking brands direct-to-consumer. Our client portfolio includes globally recognised brands such as Coca-Cola Nestle Elemis Homebase and Proctor & Gamble. Database Platform Manager Company THG Ingenuity Location Manchester Head Office Reports to Director of Data Role Overview We are looking for a strong technical leader to run our database platform. Our estate runs on Google Cloud Platform following a recent migration to self-managed services and there is a real opportunity here to shape the next phase. How we consolidate and modernise the estate where managed and cloud-native services earn their place which new technologies are worth adopting and how the platform scales with the business are all live questions. You will lead the thinking on them and work with stakeholders across the business to agree and deliver the roadmap. You will lead our DBA team who own every database across the group regardless of the application running on it and who run the platform as a 24/7 service. You will work hand in hand with our Data Reliability Engineering team whose Principal Engineer is your peer and whose focus is automation fleet reliability and SLOs. This role is weighted toward hands-on technical depth. You should be as credible in a design review or an incident bridge as you are in a planning session with senior stakeholders. Key Responsibilities Technical direction The technical roadmap for the estate. We want someone genuinely interested in emerging database technologies who evaluates them on merit and can articulate the pros and cons clearly to a technical or non-technical audience Own the strategy and delivery of the consolidation and modernisation programme across the estate including sequencing risk and making the case to the business Shape the direction of the platform and the team around two priorities high resiliency and cost effectiveness making the trade-offs explicit and building stakeholder consensus behind them Target architecture on GCP where self-managed instances remain right and where managed and cloud-native services earn their place Standards for database design performance high availability and disaster recovery patching and backup and recovery Senior escalation point for complex L3 work performance and query tuning replication and failover major incident response and post-incident review Automation infrastructure as code and database CI/CD with everything in GitHub under proper change management so routine change scales without scaling headcount Team leadership Line management of the DBA team across the UK and India 1 1s development performance hiring and onboarding The L1/L2/L3 operating model and the rotas that support it including on-call run sustainably and held as data rather than tribal knowledge Growing technical depth across the team through design review pairing and deliberate development Working as a close peer to the Principal Data Reliability Engineer with both teams operating together on automation reliability and incident response Planning and stakeholders Capacity and allocation planning for the team and the trade-offs when demand exceeds supply Weekly status and RAG reporting to senior leadership and representing the platform in cross-functional forums Agreeing modernisation priorities with stakeholders and sequencing them realistically alongside run commitments Input into GCP cost forecasting and run-rate and day-to-day management of vendor and cloud partner relationships Skills and Experience Essential PostgreSQL core requirement deep current hands-on expertise covering performance tuning replication high availability and failover upgrades backup and point-in-time recovery Microsoft SQL Server strong administration experience including Always On availability groups clustering query tuning and maintenance Migration between platforms practical experience moving production workloads between database engines including schema and code conversion data migration and cutover SQL able to write and optimise complex queries and diagnose execution plans first-hand Google Cloud Platform production database workloads in GCP Compute Engine Cloud SQL persistent storage networking IAM and a clear view of the trade-offs between self-managed and managed services On-premise infrastructure servers storage networking and virtualisation and the realities of a hybrid estate GitHub CI/CD and change management everything in source control automated pipelines for database change and a disciplined approach to change control in a production environment 24/7 service ownership on-call incident and problem management SLAs post-incident review Technology evaluation and influence assessing new database technologies objectively and making a clear evidence-based case to technical and non-technical stakeholders balancing resilience against cost Line management in an infrastructure DBA or SRE context Capacity planning and reporting into senior leadership Desirable Couchbase or comparable NoSQL / document-store experience CockroachDB or other distributed SQL platforms Automation and IaC Terraform Ansible Python / PowerShell / Bash Database CI/CD tooling Flyway Liquibase or Redgate Database observability Prometheus Grafana Cloud Monitoring or equivalent Kafka or streaming platforms Managing distributed or offshore teams Regulated or high-availability environments sector if relevant You as a Person You are curious about technology and restless with the status quo. You keep an eye on where the database world is going form a view and are willing to argue for change when the current approach has stopped being the right one You challenge constructively. You are comfortable disagreeing with a decision including one of your own and you do it with evidence and without making it personal You give people room to grow. We have a culture that supports people stretching beyond their job description and you create that space for your team rather than defending boundaries You are pragmatic about trade-offs. You can hold resilience cost and delivery pressure in the same conversation and make a defensible call rather than an idealistic one You communicate well with people who are not database engineers. You can take a complex technical trade-off and make it land with a stakeholder who needs to make a decision not a lecture You lead from the front. You are hands-on by instinct and your team see you in the detail with them particularly when things are going wrong You take on-call seriously as a human problem not just a rota. Sustainable fairly shared and something people are supported through THG Ingenuity is proud to be a Disability Confident Committed employer. If you are invited to interview please let us know if there are any reasonable adjustments we can make to the recruitment process that will enable you to perform to the best of your ability. THG Ingenuity is committed to creating a diverse & inclusive environment and hence welcomes applications from all sections of the community. Because of the high volumes of applications our opportunities attract it sometimes takes us time to review and consider them all. We endeavour to respond to every application we receive within 14 days. If you haven t heard from us within that time frame or should you have any specific questions about this or other applications for positions at THG Ingenuity please contact one of our Talent team to discuss further. Find more English Speaking Jobs in United Kingdom on Arbeitnow Ingenuity Technology,arbeitnow_api,2026-09-01,DevOps & Cloud Engineering,ansible; bash; ci/cd; gcp; google cloud; grafana; iam; monitoring; networking; prometheus; python; terraform
